Product Name,Description,Quantity,Unit Price,Total Price,Link,Shipping cost
Digital pocket oscilloscope DSO152,,1,Ż31 ,Ż31 ,https://www.amazon.co.uk/Oscilloscope-DSO152-Handheld-Automotive-Bandwidth/dp/B0GCMV1MKQ/ref=sr_1_9?crid=I2IMFWQ1I5AR&dib=eyJ2IjoiMSJ9.PPvEwAHM3BvmWwasgnvJyDLZKhuXXZwjJ2CLguEfdbdKOgymxUoIwyGedmQS6RV1Z4nu2xVYBGEZw0BU-yFsGYE-3CJ0qJKWntLastJJhQkZI5xqC6asRG3-UAaVzkboAeKFn7yB5Ct7i56Hyk5UcM6oo_pYFsAQCRrb6bUss14YKJ4wrWgaThed_bJbDrWkUbgHg6tlBZl4dGpm7wtp0kUN9926XJe9Jfqr_GQcMO6Trcf58J-MiFVvNH37PUn7nC0SZCXPlo539D1LyIe1VDeG9hL1xVDCbOJGDQGlTkE.hAi4Duowa2nDstFSfRtJdMQ0Z7uRXWiP2QuDD6ZahiE&dib_tag=se&keywords=Portable%2Boscilloscope&qid=1773957483&s=industrial&sprefix=portable%2Boscillosco%2Cindustrial%2C252&sr=1-9&th=1,
Mean Well RT65-C power supply,,1,Ż27.00 ,Ż27 ,https://www.amazon.co.uk/Switching-RT-65C-5-Converter-Transformer-Indicator/dp/B0CXJJ38GV/ref=asc_df_B0CXJJ38GV?mcid=ed0701a47b8935769f75beddfdbf45f0&tag=googshopuk-21&linkCode=df0&hvadid=710848715213&hvpos=&hvnetw=g&hvrand=8513745681548607294&hvpone=&hvptwo=&hvqmt=&hvdev=c&hvdvcmdl=&hvlocint=&hvlocphy=9045999&hvtargid=pla-2406316242908&hvocijid=8513745681548607294-B0CXJJ38GV-&hvexpln=0&gad_source=1&th=1,
"AstroAi Digital Multimeter (Į, F, V, I, Hz(",,1,Ż23.00 ,Ż23.00 ,https://www.amazon.co.uk/AstroAI-Multimeters-Capacitance-Transistors-Temperature/dp/B071JL6LLL/ref=asc_df_B071JL6LLL?mcid=ccea06c5d5193ac9ac44a187bf0dd63f&tag=googshopuk-21&linkCode=df0&hvadid=696352102734&hvpos=&hvnetw=g&hvrand=2306560209200502842&hvpone=&hvptwo=&hvqmt=&hvdev=c&hvdvcmdl=&hvlocint=&hvlocphy=9045999&hvtargid=pla-440038686649&hvocijid=2306560209200502842-B071JL6LLL-&hvexpln=0&gad_source=1&th=1,
Large Solderless Breadboard,,2,Ż9.20 ,Ż18.40 ,https://www.aliexpress.com/item/1005009569771202.html?spm=a2g0o.productlist.main.18.3a185a2fR7ffxs&algo_pvid=8061c19a-32e7-4c2e-ad36-0d5309555a57&algo_exp_id=8061c19a-32e7-4c2e-ad36-0d5309555a57-17&pdp_ext_f=%7B%22order%22%3A%22268%22%2C%22spu_best_type%22%3A%22price%22%2C%22eval%22%3A%221%22%2C%22fromPage%22%3A%22search%22%7D&pdp_npi=6%40dis%21GBP%2111.20%219.20%21%21%2114.44%2111.86%21%40210390c217739563197454640e4404%2112000049489694994%21sea%21UK%214777915101%21X%211%210%21n_tag%3A-29919%3Bd%3Ad383ee7c%3Bm03_new_user%3A-29895%3BpisId%3A5000000202126762&curPageLogUid=P3ALLCbMyXPM&utparam-url=scene%3Asearch%7Cquery_from%3A%7Cx_object_id%3A1005009569771202%7C_p_origin_prod%3A,
12x18cm Protoboard,,10,Ż1.21 ,Ż12.10 ,https://www.aliexpress.com/item/1005006100148769.html?spm=a2g0o.cart.0.0.76f238daYvZvQl&mp=1&pdp_npi=6%40dis%21GBP%21GBP%204.50%21GBP%201.31%21%21GBP%201.31%21%21%21%402103919917739562785621421e6679%2112000035755220377%21ct%21UK%214777915101%21%215%210%21,
Tl074 Quad Op-Amps,Various uses,10,Ż0.59 ,Ż5.88 ,https://www.mouser.co.uk/ProductDetail/Texas-Instruments/TL074ACN?qs=IEl3ej0IqwCwHW3RmzQ1ew%3D%3D,
AS3310 VCADSR IC,VCADSR envelope generator,2,Ż5.58 ,Ż11.16 ,https://electricdruid.net/product/as3310-vcadsr/,
SSI2131 VCO IC,VCO/LFO chip,3,Ż3.35 ,Ż10.05 ,https://www.thonk.co.uk/shop/sound-semiconductor/,
DPDT On-On miniature toggle,Waveform selection,10,Ż0.93 ,Ż9.30 ,https://www.switchelectronics.co.uk/products/on-on-miniature-toggle-switch-dpdt,
TL072 Dual Op Amps,Various uses,14,Ż0.56 ,Ż7.87 ,https://www.mouser.co.uk/ProductDetail/Texas-Instruments/TL072CP?qs=5nGYs9Do7G3e6Tx9uHIgUA%3D%3D,
SOP-16SMD to DIP-16 breakout,Interface VCO/VCF  with DIP-16,6,Ż1.27 ,Ż7.60 ,https://thepihut.com/products/adafruit-smt-breakout-pcb-for-soic-16-or-tssop-16-3-pack?variant=27739249105&country=GB&currency=GBP&utm_medium=product_sync&utm_source=google&utm_content=sag_organic&utm_campaign=sag_organic&gad_source=1&gad_campaignid=22549809780&gbraid=0AAAAADfQ4GFnuOh1qLUqubgYUu74HJVdJ&gclid=Cj0KCQjw9-PNBhDfARIsABHN6-2tP97bJDzZ4kjoVzemtt4whx10NbnGRCHHyaVajUKR9K9_-iN4K8AaAri8EALw_wcB,
Function Generator,,1,Ż7.00 ,Ż7.00 ,https://www.amazon.co.uk/Lysignal-XR2206-Precision-Function-Generator/dp/B073WVBRTM/ref=asc_df_B073WVBRTM?tag=googshopuk-21&linkCode=df0&hvadid=697266285117&hvpos=&hvnetw=g&hvrand=9741567280001622640&hvpone=&hvptwo=&hvqmt=&hvdev=c&hvdvcmdl=&hvlocint=&hvlocphy=9045999&hvtargid=pla-731424793392&psc=1&hvocijid=9741567280001622640-B073WVBRTM-&hvexpln=0&gad_source=1,
100kĮ Potentiometer Linear,Various Uses,11,Ż0.61 ,Ż6.71 ,https://www.switchelectronics.co.uk/products/10k-linear-16mm-potentiometer-solder-lugs?currency=GBP&variant=45366012969269&gad_source=1&gad_campaignid=23285440990&gbraid=0AAAAAqEgT0A06VhANk1mY-LGWjg_ettwy&gclid=Cj0KCQjw9-PNBhDfARIsABHN6-19SaBTByBIoROo2EAx7qJIw7thd9UFW5iDgS9Z2yOffjIWailVQbkaAnu8EALw_wcB,
Jumper wies 120 pcs,,1,Ż6.49 ,Ż6.49 ,https://www.aliexpress.com/item/1005003219096948.html?spm=a2g0o.productlist.main.1.7de720deXoIhju&algo_pvid=e50ca0bc-5230-402f-bafa-bd35153d17e2&algo_exp_id=e50ca0bc-5230-402f-bafa-bd35153d17e2-0&pdp_ext_f=%7B%22order%22%3A%224908%22%2C%22spu_best_type%22%3A%22price%22%2C%22eval%22%3A%221%22%2C%22fromPage%22%3A%22search%22%7D&pdp_npi=6%40dis%21GBP%213.04%211.99%21%21%213.92%212.57%21%40210390c217739576394244239e440f%2112000024783046537%21sea%21UK%214777915101%21X%211%210%21n_tag%3A-29919%3Bd%3Ad383ee7c%3Bm03_new_user%3A-29895%3BpisId%3A5000000202529707&curPageLogUid=mHtKhx4JM4MB&utparam-url=scene%3Asearch%7Cquery_from%3A%7Cx_object_id%3A1005003219096948%7C_p_origin_prod%3A,
Raspberry Pi Pico 2,,1,Ż5.80 ,Ż5.80 ,https://thepihut.com/products/raspberry-pi-pico-2?variant=54063366701441,
10KĮ Potentiometer Linear,Various uses,15,Ż0.64 ,Ż9.60 ,https://www.switchelectronics.co.uk/products/10k-linear-16mm-potentiometer-solder-lugs?currency=GBP&variant=45366012969269&gad_source=1&gad_campaignid=23285440990&gbraid=0AAAAAqEgT0A06VhANk1mY-LGWjg_ettwy&gclid=Cj0KCQjw9-PNBhDfARIsABHN6-19SaBTByBIoROo2EAx7qJIw7thd9UFW5iDgS9Z2yOffjIWailVQbkaAnu8EALw_wcB,
Rotary Encoder Dual Channel,Transposition selection,2,Ż2.23 ,Ż4.46 ,https://www.mouser.co.uk/ProductDetail/Alps-Alpine/EC12E24404A8?qs=vrbHPQ%2FMREixC15DRkmoKg%3D%3D&mgh=1&vip=1&utm_id=20797887762&utm_source=google&utm_medium=cpc&utm_marketing_tactic=emeacorp&gad_source=1&gad_campaignid=20804236796&gbraid=0AAAAADn_wf1Yc5YD6mX0XBn4A9-y9y7zC&gclid=EAIaIQobChMI6e_1oNSskwMVqpNQBh29cR1ZEAQYAiABEgKa2_D_BwE,
50kĮ Trimmer Resistor,For expo frequency adj,8,Ż0.52 ,Ż4.16 ,https://www.switchelectronics.co.uk/products/50k-3296-variable-potentiometer-trimmer,
SPST Toggle Switch,Various uses,5,Ż0.77 ,Ż3.85 ,https://www.switchelectronics.co.uk/products/on-off-miniature-toggle-switch-spst,
SSI2164 Quad VCA,Quad channel VCA,1,Ż3.80 ,Ż3.80 ,https://www.thonk.co.uk/shop/sound-semiconductor/,
SSI2144 LP VCF,LP VCF,1,Ż3.75 ,Ż3.75 ,https://www.thonk.co.uk/shop/sound-semiconductor/,
5KĮ Trimmer Potentiometers,Various uses,7,Ż0.53 ,Ż3.71 ,https://www.switchelectronics.co.uk/products/5k-3296-variable-potentiometer-trimmer,
560pF Unpolarized PS Capacitor,,2,Ż1.81 ,Ż3.62 ,https://www.mouser.co.uk/ProductDetail/Vishay-BC-Components/BFC237546561?qs=kL1ClTr6oBqT2w76ajcAjg%3D%3D,
10uF Unpolarized Capacitor,,2,Ż1.68 ,Ż3.36 ,https://www.mouser.co.uk/ProductDetail/Vishay-BC-Components/MAL202129109E3?qs=sGAEpiMZZMsh%252B1woXyUXj1B1SwRpUa5c7cJ9BxtbM5g%3D,
10 Metres 22AWG Wire,,1,Ż2.91 ,Ż2.91 ,https://www.aliexpress.com/item/1005001980629942.html?spm=a2g0o.productlist.main.4.6783TBQVTBQVKF&aem_p4p_detail=202603191502341658615531161680000476243&algo_pvid=0313e203-703c-45dd-a6a7-f60ad83fd506&algo_exp_id=0313e203-703c-45dd-a6a7-f60ad83fd506-3&pdp_ext_f=%7B%22order%22%3A%22928%22%2C%22eval%22%3A%221%22%2C%22fromPage%22%3A%22search%22%7D&pdp_npi=6%40dis%21GBP%2119.41%218.49%21%21%2125.03%2110.94%21%402103867617739577540628741e4f95%2112000052003962793%21sea%21UK%214777915101%21X%211%210%21n_tag%3A-29919%3Bd%3Ad383ee7c%3Bm03_new_user%3A-29895%3BpisId%3A5000000202126762&curPageLogUid=jSmtbV4berZY&utparam-url=scene%3Asearch%7Cquery_from%3A%7Cx_object_id%3A1005001980629942%7C_p_origin_prod%3A&search_p4p_id=202603191502341658615531161680000476243_1,
0.1uF Unpolarized Ceramic Capacitor,,20,Ż0.19 ,Ż3.80 ,https://www.switchelectronics.co.uk/products/100nf-multilayer-ceramic-capacitor-50v-x7r,
40nF unpolarized Cap,,1,Ż2.44 ,Ż2.44 ,https://www.mouser.co.uk/ProductDetail/Vishay-Cera-Mite/565RZ5UBA102EU403M?qs=sGAEpiMZZMsh%252B1woXyUXj60lD1IcYh5%252B4rOAri0ImE8%3D,
100Į Fixed Resistor,Various uses,50,Ż0.05 ,Ż2.43 ,https://www.switchelectronics.co.uk/products/100r-0-25w-metal-film-resistor-1-pack-of-100,
1.8kĮ Resistor,,1,Ż2.43 ,Ż2.43 ,https://www.switchelectronics.co.uk/products/1-8k-0-25w-metal-film-resistor-1-pack-of-100,
LM13700 Ics,Dual transconductance op amps,10,Ż0.23 ,Ż2.25 ,https://www.aliexpress.com/p/tesla-landing/index.html?UTABTest=aliabtest125094_24784&src=google&src=google&albch=shopping&acnt=494-037-6276&slnk=&plac=&mtctp=&albbt=Google_7_shopping&gclsrc=aw.ds&albagn=888888&ds_e_adid=&ds_e_matchtype=&ds_e_device=c&ds_e_network=x&ds_e_product_group_id=&ds_e_product_id=en1005006784050493&ds_e_product_merchant_id=5352391399&ds_e_product_country=GB&ds_e_product_language=en&ds_e_product_channel=online&ds_e_product_store_id=&ds_url_v=2&albcp=17859500389&albag=&isSmbAutoCall=false&needSmbHouyi=false&gad_source=1&gad_campaignid=17190468917&gbraid=0AAAAADznYb_6LHFq74zCUNIkGmmxeeDwp&gclid=Cj0KCQjw9-PNBhDfARIsABHN6-3mkEmhLHfLTFN5vEFrbZxns6Cdc7V6XB3JiG3q_7uBa_qddp86H6caAsCfEALw_wcB&aff_fcid=12229af95b1a4801aafa61cf7f3cc69a-1773781568224-05313-irey5Th&aff_fsk=irey5Th&aff_platform=promotion&sk=irey5Th&aff_trace_key=12229af95b1a4801aafa61cf7f3cc69a-1773781568224-05313-irey5Th&terminal_id=5d4cdae683ee46f0ad3e2072bbc40853&scenario=c_ppc_item_bridge&productId=1005006784050493&_immersiveMode=true&withMainCard=true&OLP=1116833308_f_group1&o_s_id=1116833308&afSmartRedirect=n,
10nF Unpolarized PS Capacitor,,12,Ż0.18 ,Ż2.16 ,https://www.switchelectronics.co.uk/products/10nf-100v-5mm-polyester-box-capacitor,
100Į Trimmer Resistor,Various uses,4,Ż0.52 ,Ż2.08 ,https://www.switchelectronics.co.uk/products/100r-3296-variable-potentiometer-trimmer,
TL071 Single Op Amp,Various uses,6,Ż0.35 ,Ż2.08 ,https://www.mouser.co.uk/ProductDetail/Texas-Instruments/TL071CP?qs=3FVjRv9mUZ%2FN1XJT5coqUQ%3D%3D,
Veroboards,,5,Ż0.40 ,Ż1.99 ,https://www.aliexpress.com/item/32844204108.html?spm=a2g0o.productlist.main.5.2d7f380fwvBixb&algo_pvid=1b795c2f-962a-4b99-88eb-561d374d7bce&algo_exp_id=1b795c2f-962a-4b99-88eb-561d374d7bce-4&pdp_ext_f=%7B%22order%22%3A%221861%22%2C%22spu_best_type%22%3A%22price%22%2C%22eval%22%3A%221%22%2C%22fromPage%22%3A%22search%22%7D&pdp_npi=6%40dis%21GBP%212.42%211.99%21%21%2121.50%2117.67%21%40211b628117739566209996471e281b%2165153718816%21sea%21UK%214777915101%21X%211%210%21n_tag%3A-29919%3Bd%3Ad383ee7c%3Bm03_new_user%3A-29895%3BpisId%3A5000000202126762&curPageLogUid=94JLace0PLi3&utparam-url=scene%3Asearch%7Cquery_from%3A%7Cx_object_id%3A32844204108%7C_p_origin_prod%3A,
10kĮ Fixed Resistor,Various uses,50,Ż0.04 ,Ż1.97 ,https://www.switchelectronics.co.uk/products/10k-0-5w-metal-film-resistor-1-pack-of-50,
100kĮ Fixed Resistor,Various uses,50,Ż0.04 ,Ż1.97 ,https://www.switchelectronics.co.uk/products/100k-0-5w-metal-film-resistor-1-pack-of-50,
4.7kĮ Fixed Resistor,Various uses,50,Ż0.04 ,Ż1.97 ,https://www.switchelectronics.co.uk/products/4-7k-0-5w-metal-film-resistor-1-pack-of-50,
270Į Resistor,,3,Ż0.66 ,Ż1.97 ,https://www.switchelectronics.co.uk/products/270r-0-5w-metal-film-resistor-1-pack-of-50,
15kĮ Resistor,,3,Ż0.66 ,Ż1.97 ,https://www.switchelectronics.co.uk/products/15k-0-5w-metal-film-resistor-1-pack-of-50,
470kĮ Resistor,,2,Ż0.99 ,Ż1.97 ,https://www.switchelectronics.co.uk/products/470k-0-5w-metal-film-resistor-1-pack-of-50,
22kĮ Resistor,,15,Ż0.13 ,Ż1.97 ,https://www.switchelectronics.co.uk/products/22k-0-5w-metal-film-resistor-1-pack-of-50,
1kĮ Resistor,,11,Ż0.18 ,Ż1.97 ,https://www.switchelectronics.co.uk/products/1k-0-5w-metal-film-resistor-1-pack-of-50,
220kĮ Resistor,,1,Ż1.97 ,Ż1.97 ,https://www.switchelectronics.co.uk/products/220k-0-5w-metal-film-resistor-1-pack-of-50,
47kĮ Resistor,,1,Ż1.97 ,Ż1.97 ,https://www.switchelectronics.co.uk/products/47k-0-5w-metal-film-resistor-1-pack-of-50,
10kĮ Resistor,,3,Ż0.66 ,Ż1.97 ,https://www.switchelectronics.co.uk/products/10k-0-5w-metal-film-resistor-1-pack-of-50,
5KĮ Potentiometers,PWM adjust,3,Ż0.64 ,Ż1.92 ,https://www.switchelectronics.co.uk/products/5k-linear-16mm-potentiometer-solder-lugs,
499Į Resistor,,6,Ż0.32 ,Ż1.89 ,https://www.mouser.co.uk/ProductDetail/Vishay-BC-Components/PR01000104990FA100?qs=7MVldsJ5UawqqaxjjxeT%252BQ%3D%3D,
Amber LED,Waveform Selection Indication,10,Ż0.18 ,Ż1.80 ,https://www.aliexpress.com/p/tesla-landing/index.html?UTABTest=aliabtest125094_24784&src=google&src=google&albch=shopping&acnt=494-037-6276&slnk=&plac=&mtctp=&albbt=Google_7_shopping&gclsrc=aw.ds&albagn=888888&ds_e_adid=&ds_e_matchtype=&ds_e_device=c&ds_e_network=x&ds_e_product_group_id=&ds_e_product_id=en1005006784050493&ds_e_product_merchant_id=5352391399&ds_e_product_country=GB&ds_e_product_language=en&ds_e_product_channel=online&ds_e_product_store_id=&ds_url_v=2&albcp=17859500389&albag=&isSmbAutoCall=false&needSmbHouyi=false&gad_source=1&gad_campaignid=17190468917&gbraid=0AAAAADznYb_6LHFq74zCUNIkGmmxeeDwp&gclid=Cj0KCQjw9-PNBhDfARIsABHN6-3mkEmhLHfLTFN5vEFrbZxns6Cdc7V6XB3JiG3q_7uBa_qddp86H6caAsCfEALw_wcB&aff_fcid=12229af95b1a4801aafa61cf7f3cc69a-1773781568224-05313-irey5Th&aff_fsk=irey5Th&aff_platform=promotion&sk=irey5Th&aff_trace_key=12229af95b1a4801aafa61cf7f3cc69a-1773781568224-05313-irey5Th&terminal_id=5d4cdae683ee46f0ad3e2072bbc40853&scenario=c_ppc_item_bridge&productId=1005006784050493&_immersiveMode=true&withMainCard=true&OLP=1116833308_f_group1&o_s_id=1116833308&afSmartRedirect=n,
390Į Resistor,,9,Ż0.20 ,Ż1.78 ,https://www.switchelectronics.co.uk/products/390r-0-25w-metal-film-resistor-pack-of-100,
22.1kĮ Resistor,,3,Ż0.58 ,Ż1.73 ,https://www.mouser.co.uk/ProductDetail/Vishay-Dale/CMF5522K100FHEB?qs=sGAEpiMZZMtlubZbdhIBIGU9LPTACpKjX66vd0JRprI%3D,
1MĮ Potentiometer,Bias adjust pot,1,Ż1.70 ,Ż1.70 ,https://www.mouser.co.uk/ProductDetail/Bourns/PDB181-GTR01-105A2?qs=U%2FacTlguYxYr2ecQgPe%2FHA%3D%3D,
1ĄF caps unpolarized,Decoupling caps,10,Ż0.16 ,Ż1.60 ,https://www.switchelectronics.co.uk/products/1uf-multilayer-ceramic-capacitor-50v-y5v,
LM385BYZ-2.5,Shunt Voltage Reference 2.5V,1,Ż1.50 ,Ż1.50 ,https://www.mouser.co.uk/ProductDetail/Texas-Instruments/LM385BYZ-2.5-NOPB?qs=QbsRYf82W3HrBcCF05YkkQ%3D%3D,
MCP4131,Digital Potentiometer,2,Ż0.72 ,Ż1.44 ,https://www.google.com/url?sa=t&source=web&rct=j&opi=89978449&url=https://www.digikey.be/en/products/detail/renesas-electronics-corporation/X9C104P/387570%3Fsrsltid%3DAfmBOoqFO4bysvlmVFIBtfrYfbfU7E8X5LsYwpRAu5KhIUujzOPwegIh&ved=2ahUKEwiA4NbEmKeTAxWNS0EAHeZvO24QFnoECCIQAQ&usg=AOvVaw1U151xQvCSrENz4Ew_GQXM,
200Į Resistor,,2,Ż0.68 ,Ż1.37 ,https://www.mouser.co.uk/ProductDetail/Vishay-BC-Components/MBE04140C2000DC100?qs=sGAEpiMZZMtG0KNrPCHnjW0BEZmmc%252BDp4PffS8Mhstof4TIkxpdkqQ%3D%3D,
300Į Trimmer Resistors,,2,Ż0.68 ,Ż1.35 ,https://www.mouser.co.uk/ProductDetail/Bourns/3362P-1-301LF?qs=78XbCJDlDc20qxrEQi%252BtUQ%3D%3D,
6.8nF Unpolarized Capacitor,,3,Ż0.43 ,Ż1.30 ,https://www.mouser.co.uk/ProductDetail/Vishay/564R20GAD68?qs=sGAEpiMZZMsh%252B1woXyUXj5SPnBXpwC%2FIKzk0PFyLM%2FM%3D,
Gravity I2C Dual Channel DAC 15 Bit,,1,Ż11.18 ,Ż11.18 ,https://www.mouser.co.uk/ProductDetail/DFRobot/DFR1073?qs=ZcfC38r4Pos55VxG%2FYgI%252BQ%3D%3D&srsltid=AfmBOoqCcMKvgvI-UMnkLinvYUrzkcVb70dEHDu9zODlb6rd6Uummo-g,
JST PH 4-Pin to Female Socket Cable,,1,Ż1.30 ,Ż1.30 ,https://thepihut.com/products/jst-ph-4-pin-to-female-socket-cable-i2c-stemma-cable-200mm,
NPN Transistors,Various uses,6,Ż0.17 ,Ż1.02 ,https://www.switchelectronics.co.uk/products/2n3904-bipolar-npn-40v-transistor-to92,
6N137 Optocoupler,MIDI optocoupling,1,Ż0.97 ,Ż0.97 ,https://www.switchelectronics.co.uk/products/6n137-1-channel-digital-output-optocoupler-dip-8,
4.99kĮ Resistor,,1,Ż0.97 ,Ż0.97 ,https://www.mouser.co.uk/ProductDetail/Vishay-Dale/CMF504K9900FHEB?qs=sGAEpiMZZMtlubZbdhIBINtbNoSbM%252B0dV84fw71vBjg%3D,
3.3nF unpolarized Cap,,5,Ż0.16 ,Ż0.80 ,https://www.switchelectronics.co.uk/collections/polyester-capacitors?page=1&rb_filter_metafield_6367c39af95112822ca835d3b3e5a1aa=3.3nF%7C100nF,
100pF Unpolarized Film Capacitor,,2,Ż0.39 ,Ż0.78 ,https://www.mouser.co.uk/ProductDetail/Vishay-Roederstein/KP1830110634?qs=2ImG92Kq1uw%2FOFeuXoLUsQ%3D%3D,
DIP Headers,Connecting DIP to protoboard,2,Ż0.38 ,Ż0.76 ,https://www.switchelectronics.co.uk/products/40-way-male-header-2-54mm,
470Į Fixed Resistor,Various uses,6,Ż0.12 ,Ż0.72 ,https://www.switchelectronics.co.uk/collections/metal-film-resistors?page=1&rb_filter_metafield_7404dac2374aab427d85e3a5d08be243=470Į,
3.9nF Unpolarized Cap,,1,Ż0.68 ,Ż0.68 ,https://www.mouser.co.uk/ProductDetail/Panasonic/ECW-H8392JV?qs=doAwqMPOn2u2n6YE8ICUYw%3D%3D,
20kĮ Resistor,,1,Ż0.66 ,Ż0.66 ,https://www.mouser.co.uk/ProductDetail/Vishay-BC-Components/PR01000102002JA100?qs=sGAEpiMZZMtlubZbdhIBIJtUt%2F%252BM8a0iMKfw6TKDxYk%3D,
20kĮ Resistor,,2,Ż0.33 ,Ż0.66 ,https://www.mouser.co.uk/ProductDetail/Vishay-BC-Components/PR01000102002JA100?qs=sGAEpiMZZMtlubZbdhIBIJtUt%2F%252BM8a0iMKfw6TKDxYk%3D,
DIN-5 MIDI Jack,Midi jack for midi in,1,Ż0.65 ,Ż0.65 ,https://www.switchelectronics.co.uk/products/5-pin-din-panel-mount-socket-connector-180,
200kĮ Potentiometer,Freq Cntrl,1,Ż0.64 ,Ż0.64 ,https://www.switchelectronics.co.uk/products/200k-linear-16mm-splined-potentiometer,
5.1kĮ Resistor,,1,Ż0.63 ,Ż0.63 ,https://www.mouser.co.uk/ProductDetail/Vishay-Beyschlag/MBE04140C5101FR200?qs=sGAEpiMZZMtlubZbdhIBILAdz%2F2y2rDsre3N5prDmMo%3D,
400Į Resistor,,4,Ż0.16 ,Ż0.63 ,https://www.mouser.co.uk/ProductDetail/YAGEO/MFR-25FTF52-400R?qs=sGAEpiMZZMtlubZbdhIBIMMVXX%252Bgggzk7S9uEbDdYFQ%3D,
100kĮ Trimmer Resistor,Top/Btm symmetry for sine ,1,Ż0.60 ,Ż0.60 ,https://www.switchelectronics.co.uk/products/100k-3296-variable-potentiometer-trimmer,
7909 Voltage converter,Powering LM13700s,1,Ż0.60 ,Ż0.60 ,https://www.aliexpress.com/p/tesla-landing/index.html?UTABTest=aliabtest125094_24784&src=google&src=google&albch=shopping&acnt=494-037-6276&slnk=&plac=&mtctp=&albbt=Google_7_shopping&gclsrc=aw.ds&albagn=888888&ds_e_adid=&ds_e_matchtype=&ds_e_device=c&ds_e_network=x&ds_e_product_group_id=&ds_e_product_id=en1005010730059732&ds_e_product_merchant_id=5645293331&ds_e_product_country=GB&ds_e_product_language=en&ds_e_product_channel=online&ds_e_product_store_id=&ds_url_v=2&albcp=17859500389&albag=&isSmbAutoCall=false&needSmbHouyi=false&gad_source=1&gad_campaignid=17190468917&gbraid=0AAAAADznYb_6LHFq74zCUNIkGmmxeeDwp&gclid=Cj0KCQjw9-PNBhDfARIsABHN6-3tvdFRUvYFBustyI-5zxjLpgO4l8EoAL3HIm8S4MZXvEogPnj-dJcaAjKbEALw_wcB&aff_fcid=6c4593238522480aaebf9b7260410bdc-1773783416241-08062-irey5Th&aff_fsk=irey5Th&aff_platform=promotion&sk=irey5Th&aff_trace_key=6c4593238522480aaebf9b7260410bdc-1773783416241-08062-irey5Th&terminal_id=5d4cdae683ee46f0ad3e2072bbc40853&scenario=c_ppc_item_bridge&productId=1005010730059732&_immersiveMode=true&withMainCard=true&OLP=1116833308_f_group1&o_s_id=1116833308&afSmartRedirect=n,
10kĮ Antilog Potentiometer,Q Cntrl,1,Ż0.57 ,Ż0.57 ,https://www.switchelectronics.co.uk/products/10k-reverse-logarithmic-16mm-potentiometer,
267Į Resistor,,3,Ż0.17 ,Ż0.50 ,https://www.mouser.co.uk/ProductDetail/Vishay-BC-Components/SFR2500002670FR500?qs=sGAEpiMZZMtlubZbdhIBIDqBBcd6vlUvaf1Xx1HLN0g%3D,
1.2 nF Unpolarized Cap,,1,Ż0.47 ,Ż0.47 ,https://www.mouser.co.uk/ProductDetail/Murata-Electronics/RDE5C2A122J0P1H03B?qs=sGAEpiMZZMsh%252B1woXyUXj6LPjVItmqadmrMIqa5zF28%3D,
750Į Resistor,,2,Ż0.23 ,Ż0.45 ,https://www.mouser.co.uk/ProductDetail/Vishay-Dale/CCF07750RJKE36?qs=sGAEpiMZZMtlubZbdhIBIA2poYoZEnjL66NUYIqcOwI%3D,
30kĮ Resistor,,2,Ż0.23 ,Ż0.45 ,https://www.mouser.co.uk/ProductDetail/Vishay-Dale/CCF0730K0GKE36?qs=sGAEpiMZZMtlubZbdhIBICS9vICa6AcHNgXKI%252Br5TCA%3D,
MCP1700-2702E/TO,LDO Voltage Regulator 2.7V,1,Ż0.41 ,Ż0.41 ,https://www.mouser.co.uk/ProductDetail/Microchip-Technology/MCP1700-2702E-TO?qs=uHi2%2FQoPa5Dcla82%252B8bA6A%3D%3D,
7809 Voltage converter,Powering LM13700s,1,Ż0.41 ,Ż0.41 ,https://www.mouser.co.uk/ProductDetail/onsemi/MC7809CTG?qs=%252B9%2Fcbd0IE0RZOsET7SgWUA%3D%3D,
1.2MĮ Resistor,,1,Ż0.38 ,Ż0.38 ,https://www.mouser.co.uk/ProductDetail/Vishay-BC-Components/VR37000001204JA100?qs=sGAEpiMZZMtlubZbdhIBIJxQofqEVEUOKq6j3RqjayA%3D,
499kĮ Resistor,,2,Ż0.19 ,Ż0.37 ,https://www.mouser.co.uk/ProductDetail/Vishay-BC-Components/VR25000004993FA100?qs=sGAEpiMZZMtlubZbdhIBIOS2OZV6cmO0BgeUmv2aCc0%3D,
100nF Unpolarized Cap,,2,Ż0.18 ,Ż0.36 ,https://www.switchelectronics.co.uk/products/100nf-100v-5mm-polyester-box-capacitor,
43Į Resistor,,1,Ż0.30 ,Ż0.30 ,https://www.mouser.co.uk/ProductDetail/TE-Connectivity-Neohm/4-2176791-8?qs=sGAEpiMZZMtlubZbdhIBIDGZcfZ%252BXTfObit72uSUpJM%3D,
70kĮ Resistor,,1,Ż0.28 ,Ż0.28 ,https://www.mouser.co.uk/ProductDetail/Vishay-BC-Components/MBB02070C7002FCT00?qs=sGAEpiMZZMtlubZbdhIBIDf1ptYLsLpZRJSha1Lf9gY%3D,
68.1kĮ Resistor,,1,Ż0.28 ,Ż0.28 ,https://www.mouser.co.uk/ProductDetail/Vishay-BC-Components/MBB0207IC6812FCT00?qs=sGAEpiMZZMtlubZbdhIBIDf1ptYLsLpZjhsDCcB%2F5uw%3D,
82kĮ Resistor,,1,Ż0.28 ,Ż0.28 ,https://www.mouser.co.uk/ProductDetail/Vishay-BC-Components/PR02000208202JR500?qs=LCMWAU1DZczMYqN1b%252BCYzg%3D%3D,
910Į Resistor,,1,Ż0.23 ,Ż0.23 ,https://www.mouser.co.uk/ProductDetail/Vishay-Dale/CCF07910RGKE36?qs=sGAEpiMZZMtG0KNrPCHnjXeT93wkI597URo8o%2FTamQs%3D,
162kĮ Resistor,,1,Ż0.23 ,Ż0.23 ,https://www.mouser.co.uk/ProductDetail/Vishay-Dale/CCF55162KFKE36?qs=sGAEpiMZZMtlubZbdhIBIK%2FmTSw8IDwvzvROw0bCn3c%3D,
26.7Į Resistor,,1,Ż0.19 ,Ż0.19 ,https://www.mouser.co.uk/ProductDetail/Vishay-BC-Components/SFR25H0002679FR500?qs=sGAEpiMZZMtlubZbdhIBIDqBBcd6vlUv0i2nKu0DfkY%3D,
BC557B PNP Transistor,,1,Ż0.17 ,Ż0.17 ,https://www.switchelectronics.co.uk/products/bc557b-bipolar-pnp-45v-transistor-to92,
1N4148 Signal Diode,,2,Ż0.07 ,Ż0.14 ,https://www.switchelectronics.co.uk/products/1n4148-signal-diode-100v,
4.9kĮ Resistor,,1,Ż0.14 ,Ż0.14 ,https://www.mouser.co.uk/ProductDetail/YAGEO/MFR-12FTF52-4K9?qs=sGAEpiMZZMtlubZbdhIBIOunD5kldQozQZhToFOhuP4%3D,
40kĮ Resistor,,1,Ż0.14 ,Ż0.14 ,https://www.mouser.co.uk/ProductDetail/YAGEO/MFR-12FTF52-40K?qs=sGAEpiMZZMtlubZbdhIBIOunD5kldQozLn64K0T%2FkCk%3D,
230V AC Power entry plug.,,1,Ż5.00 ,Ż5.00 ,https://www.amazon.co.uk/Connector-Socket-Illuminated-Switch-Applications/dp/B0FY3FXTFR/ref=asc_df_B0FY3FXTFR?mcid=d88f62a884cd32249ca7c4629ba2461f&tag=googshopuk-21&linkCode=df0&hvadid=761130755654&hvpos=&hvnetw=g&hvrand=11445587660718577539&hvpone=&hvptwo=&hvqmt=&hvdev=c&hvdvcmdl=&hvlocint=&hvlocphy=9044956&hvtargid=pla-2450227622374&psc=1&hvocijid=11445587660718577539-B0FY3FXTFR-&hvexpln=0&gad_source=4,
45mm Knob,,3,Ż1.01 ,Ż3.03 ,https://www.switchelectronics.co.uk/products/mf-a05-black-control-knob-6mm-shaft-45mm,
27mm Knob,,6,Ż0.69 ,Ż4.14 ,https://www.switchelectronics.co.uk/products/mf-a03-black-control-knob-6mm-shaft-27mm,
19.5mm Knob,,10,Ż0.51 ,Ż5.10 ,https://www.switchelectronics.co.uk/products/mf-a01-black-control-knob-6mm-shaft-19-5mm,
10k Log Slide Potentiometer,,6,Ż2.09 ,Ż12.54 ,https://www.mouser.co.uk/ProductDetail/Bourns/PTA6044-2015DPA103?qs=U%2FacTlguYxZvBk%2FzeZBsew%3D%3D,
10k Linear Slide Potentiometer,,2,Ż1.93 ,Ż3.86 ,https://www.mouser.co.uk/ProductDetail/Bourns/PTA6043-2215DPB103?qs=QARuOjD9jaExli%252Bh5UpR0g%3D%3D,
10uF Unpolarized Electrolytic Capacitor,Bulk Supply Decoupling,15,Ż0.07 ,Ż1.05 ,https://www.switchelectronics.co.uk/products/10uf-25v-radial-aluminium-electrolytic-capacitor-85-c,
,,,,,,
,,,,,,
Total Cost,,,,Ż361.00 ,,
,,,,,,
,,,,,,
,,,,,,
,,,,,,
,,,,,,
,,,,,,
,,,,,,
,,,,,,
,,,,,,
,,,,,,
,,,,,,
,,,,,,
,,,,,,
,,,,,,
,,,,,,
,,,,,,
,,,,,,
,,,,,,
,,,,,,
,,,,,,
,,,,,,
,,,,,,
,,,,,,
,,,,,,
,,,,,,
,,,,,,
,,,,,,
,,,,,,
,,,,,,
,,,,,,
,,,,,,
,,,,,,
,,,,,,
,,,,,,
,,,,,,
,,,,,,
,,,,,,
,,,,,,
,,,,,,
,,,,,,
,,,,,,
,,,,,,
,,,,,,
,,,,,,
,,,,,,
,,,,,,
,,,,,,
,,,,,,
,,,,,,
,,,,,,
,,,,,,
,,,,,,
,,,,,,
,,,,,,
,,,,,,
,,,,,,
,,,,,,
,,,,,,
,,,,,,
,,,,,,
,,,,,,
,,,,,,
,,,,,,
,,,,,,
,,,,,,
,,,,,,
,,,,,,
,,,,,,
,,,,,,
,,,,,,
,,,,,,
,,,,,,
,,,,,,
,,,,,,
,,,,,,
,,,,,,
,,,,,,
,,,,,,
,,,,,,
,,,,,,
,,,,,,
,,,,,,
,,,,,,
,,,,,,
,,,,,,
,,,,,,
,,,,,,
,,,,,,
,,,,,,
,,,,,,
,,,,,,
,,,,,,
,,,,,,
,,,,,,
,,,,,,
,,,,,,
,,,,,,
,,,,,,
,,,,,,
,,,,,,
,,,,,,
,,,,,,
,,,,,,
,,,,,,
,,,,,,
,,,,,,
,,,,,,
,,,,,,
,,,,,,
,,,,,,
,,,,,,
,,,,,,
,,,,,,
,,,,,,
,,,,,,
,,,,,,
,,,,,,
,,,,,,
,,,,,,
,,,,,,
,,,,,,
,,,,,,
,,,,,,
,,,,,,
,,,,,,
,,,,,,
,,,,,,
,,,,,,
,,,,,,
,,,,,,
,,,,,,
,,,,,,
,,,,,,
,,,,,,
,,,,,,
,,,,,,
,,,,,,
,,,,,,
,,,,,,
,,,,,,
,,,,,,
,,,,,,
,,,,,,
,,,,,,
,,,,,,
,,,,,,
,,,,,,
,,,,,,
,,,,,,
,,,,,,
,,,,,,
,,,,,,
,,,,,,
,,,,,,
,,,,,,
,,,,,,
,,,,,,
,,,,,,
,,,,,,
,,,,,,
,,,,,,
,,,,,,
,,,,,,
,,,,,,
,,,,,,
,,,,,,
,,,,,,
,,,,,,
,,,,,,
,,,,,,
,,,,,,
,,,,,,
,,,,,,
,,,,,,
,,,,,,
,,,,,,
,,,,,,
,,,,,,
,,,,,,
,,,,,,
,,,,,,
,,,,,,
,,,,,,
,,,,,,
,,,,,,
,,,,,,
,,,,,,
,,,,,,
,,,,,,
,,,,,,
,,,,,,
,,,,,,
,,,,,,
,,,,,,
,,,,,,
,,,,,,
,,,,,,
,,,,,,
,,,,,,
,,,,,,
,,,,,,
,,,,,,
,,,,,,
,,,,,,
,,,,,,
,,,,,,
,,,,,,
,,,,,,
,,,,,,
,,,,,,
,,,,,,
,,,,,,
,,,,,,
,,,,,,
,,,,,,
,,,,,,
,,,,,,
,,,,,,
,,,,,,
,,,,,,
,,,,,,
,,,,,,
,,,,,,
,,,,,,
,,,,,,
,,,,,,
,,,,,,
,,,,,,
,,,,,,
,,,,,,
,,,,,,
,,,,,,
,,,,,,
,,,,,,
,,,,,,
,,,,,,
,,,,,,
,,,,,,
,,,,,,
,,,,,,
,,,,,,
,,,,,,
,,,,,,
,,,,,,
,,,,,,
,,,,,,
,,,,,,
,,,,,,
,,,,,,
,,,,,,
,,,,,,
,,,,,,
,,,,,,
,,,,,,
,,,,,,
,,,,,,
,,,,,,
,,,,,,
,,,,,,
,,,,,,
,,,,,,
,,,,,,
,,,,,,
,,,,,,
,,,,,,
,,,,,,
,,,,,,
,,,,,,
,,,,,,
,,,,,,
,,,,,,
,,,,,,
,,,,,,
,,,,,,
,,,,,,
,,,,,,
,,,,,,
,,,,,,
,,,,,,
,,,,,,
,,,,,,
,,,,,,
,,,,,,
,,,,,,
,,,,,,
,,,,,,
,,,,,,
,,,,,,
,,,,,,
,,,,,,
,,,,,,
,,,,,,
,,,,,,
,,,,,,
,,,,,,
,,,,,,
,,,,,,
,,,,,,
,,,,,,
,,,,,,
,,,,,,
,,,,,,
,,,,,,
,,,,,,
,,,,,,
,,,,,,
,,,,,,
,,,,,,
,,,,,,
,,,,,,
,,,,,,
,,,,,,
,,,,,,
,,,,,,
,,,,,,
,,,,,,
,,,,,,
,,,,,,
,,,,,,
,,,,,,
,,,,,,
,,,,,,
,,,,,,
,,,,,,
,,,,,,
,,,,,,
,,,,,,
,,,,,,
,,,,,,
,,,,,,
,,,,,,
,,,,,,
,,,,,,
,,,,,,
,,,,,,
,,,,,,
,,,,,,
,,,,,,
,,,,,,
,,,,,,
,,,,,,
,,,,,,
,,,,,,
,,,,,,
,,,,,,
,,,,,,
,,,,,,
,,,,,,
,,,,,,
,,,,,,
,,,,,,
,,,,,,
,,,,,,
,,,,,,
,,,,,,
,,,,,,
,,,,,,
,,,,,,
,,,,,,
,,,,,,
,,,,,,
,,,,,,
,,,,,,
,,,,,,
,,,,,,
,,,,,,
,,,,,,
,,,,,,
,,,,,,
,,,,,,
,,,,,,
,,,,,,
,,,,,,
,,,,,,
,,,,,,
,,,,,,
,,,,,,
,,,,,,
,,,,,,
,,,,,,
,,,,,,
,,,,,,
,,,,,,
,,,,,,
,,,,,,
,,,,,,
,,,,,,
,,,,,,
,,,,,,
,,,,,,
,,,,,,
,,,,,,
,,,,,,
,,,,,,
,,,,,,
,,,,,,
,,,,,,
,,,,,,
,,,,,,
,,,,,,
,,,,,,
,,,,,,
,,,,,,
,,,,,,
,,,,,,
,,,,,,
,,,,,,
,,,,,,
,,,,,,
,,,,,,
,,,,,,
,,,,,,
,,,,,,
,,,,,,
,,,,,,
,,,,,,
,,,,,,
,,,,,,
,,,,,,
,,,,,,
,,,,,,
,,,,,,
,,,,,,
,,,,,,
,,,,,,
,,,,,,
,,,,,,
,,,,,,
,,,,,,
,,,,,,
,,,,,,
,,,,,,
,,,,,,
,,,,,,
,,,,,,
,,,,,,
,,,,,,
,,,,,,
,,,,,,
,,,,,,
,,,,,,
,,,,,,
,,,,,,
,,,,,,
,,,,,,
,,,,,,
,,,,,,
,,,,,,